<?xml version='1.0' encoding='utf-8'?>
<dados><viewport><vpmin x="10" y="10" /><vpmax x="810" y="543" /></viewport><window><wmin x="0" y="533" /><wmax x="800" y="0" /></window><pontos><ponto x="66" y="466" /><ponto x="66" y="467" /><ponto x="66" y="467" /><ponto x="66" y="468" /><ponto x="66" y="469" /><ponto x="66" y="469" /><ponto x="66" y="466" /><ponto x="66" y="466" /><ponto x="65" y="466" /><ponto x="64" y="466" /><ponto x="64" y="466" /><ponto x="63" y="466" /></pontos><reta><ponto x="333" y="66" /><ponto x="666" y="33" /></reta><reta><ponto x="320" y="33" /><ponto x="733" y="-33" /></reta><poligono><ponto x="420" y="133" /><ponto x="486" y="159" /><ponto x="426" y="293" /><ponto x="500" y="333" /></poligono><poligono><ponto x="466" y="399" /><ponto x="466" y="466" /><ponto x="533" y="399" /><ponto x="533" y="466" /></poligono></dados>